{
  "Disbursement": [
    {
      "id": 1,
      "name": "AAA",
      "principal_amt": 90000,
      "addr": "AaAaAa",
      "contact": 101112,
      "loan_roi": 18,
      "emi_amt": 5500,
      "equip_name": "aaa",
      "equip_model_no": "Aa789",
      "equip_price": 125000,
      "emi_no_paid": 11,
      "emi_no_total": 60,
      "emi_start_date": "22/09/2020",
      "emi_end_date": "21/09/2025",
      "Os_principal_amt": 65000,
      "doc_verify_status": "Approved",
      "application_status": "InProcess",
      "action_taken": "Registered"
    },
    {
      "id": 2,
      "name": "BBB",
      "principal_amt": 90000,
      "addr": "BbBbBb",
      "contact": 101112,
      "loan_roi": 18,
      "emi_amt": 5500,
      "equip_name": "bbb",
      "equip_model_no": "Bb156",
      "equip_price": 125000,
      "emi_no_paid": 11,
      "emi_no_total": 60,
      "emi_start_date": "22/09/2020",
      "emi_end_date": "21/09/2025",
      "Os_principal_amt": 65000,
      "doc_verify_status": "Approved",
      "application_status": "InProcess",
      "action_taken": "On Going"
    },
    {
      "id": 3,
      "name": "CCC",
      "principal_amt": 90000,
      "addr": "CcCcCc",
      "contact": 101112,
      "loan_roi": 18,
      "emi_amt": 5500,
      "equip_name": "ccc",
      "equip_model_no": "Cc789",
      "equip_price": 125000,
      "emi_no_paid": 11,
      "emi_no_total": 60,
      "emi_start_date": "22/09/2020",
      "emi_end_date": "21/09/2025",
      "Os_principal_amt": 65000,
      "doc_verify_status": "Approved",
      "application_status": "InProcess",
      "action_taken": "2nd Notice Send"
    },
    {
      "id": 4,
      "name": "CCC",
      "principal_amt": 90000,
      "addr": "CcCcCc",
      "contact": 101112,
      "loan_roi": 18,
      "emi_amt": 5500,
      "equip_name": "ccc",
      "equip_model_no": "Cc789",
      "equip_price": 125000,
      "emi_no_paid": 11,
      "emi_no_total": 60,
      "emi_start_date": "22/09/2020",
      "emi_end_date": "21/09/2025",
      "Os_principal_amt": 65000,
      "doc_verify_status": "Approved",
      "application_status": "New",
      "action_taken": "Registered"
    },
    {
      "id": 5,
      "name": "CCC",
      "principal_amt": 90000,
      "addr": "CcCcCc",
      "contact": 101112,
      "loan_roi": 18,
      "emi_amt": 5500,
      "equip_name": "ccc",
      "equip_model_no": "Cc789",
      "equip_price": 125000,
      "emi_no_paid": 11,
      "emi_no_total": 60,
      "emi_start_date": "22/09/2020",
      "emi_end_date": "21/09/2025",
      "Os_principal_amt": 65000,
      "doc_verify_status": "Approved",
      "application_status": "InProcess",
      "action_taken": "1st Notice Send"
    }
  ]
}