{"name":"EasyEmi_Master","classpathEntries":[{"kind":"binary","path":"C:\\Program Files\\Java\\jdk1.8.0_162\\jre\\lib\\resources.jar","javadocContainerUrl":"https://docs.oracle.com/javase/1/docs/api/","isSystem":true,"isOwn":false,"isTest":false,"isJavaContent":false},{"kind":"binary","path":"C:\\Program Files\\Java\\jdk1.8.0_162\\jre\\lib\\rt.jar","javadocContainerUrl":"https://docs.oracle.com/javase/1/docs/api/","isSystem":true,"isOwn":false,"isTest":false,"isJavaContent":false},{"kind":"binary","path":"C:\\Program Files\\Java\\jdk1.8.0_162\\jre\\lib\\jsse.jar","javadocContainerUrl":"https://docs.oracle.com/javase/1/docs/api/","isSystem":true,"isOwn":false,"isTest":false,"isJavaContent":false},{"kind":"binary","path":"C:\\Program Files\\Java\\jdk1.8.0_162\\jre\\lib\\jce.jar","javadocContainerUrl":"https://docs.oracle.com/javase/1/docs/api/","isSystem":true,"isOwn":false,"isTest":false,"isJavaContent":false},{"kind":"binary","path":"C:\\Program Files\\Java\\jdk1.8.0_162\\jre\\lib\\charsets.jar","javadocContainerUrl":"https://docs.oracle.com/javase/1/docs/api/","isSystem":true,"isOwn":false,"isTest":false,"isJavaContent":false},{"kind":"binary","path":"C:\\Program Files\\Java\\jdk1.8.0_162\\jre\\lib\\jfr.jar","javadocContainerUrl":"https://docs.oracle.com/javase/1/docs/api/","isSystem":true,"isOwn":false,"isTest":false,"isJavaContent":false},{"kind":"binary","path":"C:\\Users\\win\\.m2\\repository\\org\\springframework\\boot\\spring-boot-starter-data-jpa\\2.3.0.RELEASE\\spring-boot-starter-data-jpa-2.3.0.RELEASE.jar","sourceContainerUrl":"file:/C:/Users/win/.m2/repository/org/springframework/boot/spring-boot-starter-data-jpa/2.3.0.RELEASE/spring-boot-starter-data-jpa-2.3.0.RELEASE-sources.jar","javadocContainerUrl":"file:/C:/Users/win/.m2/repository/org/springframework/boot/spring-boot-starter-data-jpa/2.3.0.RELEASE/spring-boot-starter-data-jpa-2.3.0.RELEASE-javadoc.jar","isSystem":false,"isOwn":false,"isTest":false,"isJavaContent":false},{"kind":"binary","path":"C:\\Users\\win\\.m2\\repository\\org\\springframework\\boot\\spring-boot-starter-aop\\2.3.0.RELEASE\\spring-boot-starter-aop-2.3.0.RELEASE.jar","sourceContainerUrl":"file:/C:/Users/win/.m2/repository/org/springframework/boot/spring-boot-starter-aop/2.3.0.RELEASE/spring-boot-starter-aop-2.3.0.RELEASE-sources.jar","javadocContainerUrl":"file:/C:/Users/win/.m2/repository/org/springframework/boot/spring-boot-starter-aop/2.3.0.RELEASE/spring-boot-starter-aop-2.3.0.RELEASE-javadoc.jar","isSystem":false,"isOwn":false,"isTest":false,"isJavaContent":false},{"kind":"binary","path":"C:\\Users\\win\\.m2\\repository\\org\\springframework\\spring-aop\\5.2.6.RELEASE\\spring-aop-5.2.6.RELEASE.jar","sourceContainerUrl":"file:/C:/Users/win/.m2/repository/org/springframework/spring-aop/5.2.6.RELEASE/spring-aop-5.2.6.RELEASE-sources.jar","javadocContainerUrl":"file:/C:/Users/win/.m2/repository/org/springframework/spring-aop/5.2.6.RELEASE/spring-aop-5.2.6.RELEASE-javadoc.jar","isSystem":false,"isOwn":false,"isTest":false,"isJavaContent":false},{"kind":"binary","path":"C:\\Users\\win\\.m2\\repository\\org\\aspectj\\aspectjweaver\\1.9.5\\aspectjweaver-1.9.5.jar","sourceContainerUrl":"file:/C:/Users/win/.m2/repository/org/aspectj/aspectjweaver/1.9.5/aspectjweaver-1.9.5-sources.jar","javadocContainerUrl":"file:/C:/Users/win/.m2/repository/org/aspectj/aspectjweaver/1.9.5/aspectjweaver-1.9.5-javadoc.jar","isSystem":false,"isOwn":false,"isTest":false,"isJavaContent":false},{"kind":"binary","path":"C:\\Users\\win\\.m2\\repository\\org\\springframework\\boot\\spring-boot-starter-jdbc\\2.3.0.RELEASE\\spring-boot-starter-jdbc-2.3.0.RELEASE.jar","sourceContainerUrl":"file:/C:/Users/win/.m2/repository/org/springframework/boot/spring-boot-starter-jdbc/2.3.0.RELEASE/spring-boot-starter-jdbc-2.3.0.RELEASE-sources.jar","javadocContainerUrl":"file:/C:/Users/win/.m2/repository/org/springframework/boot/spring-boot-starter-jdbc/2.3.0.RELEASE/spring-boot-starter-jdbc-2.3.0.RELEASE-javadoc.jar","isSystem":false,"isOwn":false,"isTest":false,"isJavaContent":false},{"kind":"binary","path":"C:\\Users\\win\\.m2\\repository\\com\\zaxxer\\HikariCP\\3.4.5\\HikariCP-3.4.5.jar","sourceContainerUrl":"file:/C:/Users/win/.m2/repository/com/zaxxer/HikariCP/3.4.5/HikariCP-3.4.5-sources.jar","javadocContainerUrl":"file:/C:/Users/win/.m2/repository/com/zaxxer/HikariCP/3.4.5/HikariCP-3.4.5-javadoc.jar","isSystem":false,"isOwn":false,"isTest":false,"isJavaContent":false},{"kind":"binary","path":"C:\\Users\\win\\.m2\\repository\\org\\springframework\\spring-jdbc\\5.2.6.RELEASE\\spring-jdbc-5.2.6.RELEASE.jar","sourceContainerUrl":"file:/C:/Users/win/.m2/repository/org/springframework/spring-jdbc/5.2.6.RELEASE/spring-jdbc-5.2.6.RELEASE-sources.jar","javadocContainerUrl":"file:/C:/Users/win/.m2/repository/org/springframework/spring-jdbc/5.2.6.RELEASE/spring-jdbc-5.2.6.RELEASE-javadoc.jar","isSystem":false,"isOwn":false,"isTest":false,"isJavaContent":false},{"kind":"binary","path":"C:\\Users\\win\\.m2\\repository\\jakarta\\transaction\\jakarta.transaction-api\\1.3.3\\jakarta.transaction-api-1.3.3.jar","sourceContainerUrl":"file:/C:/Users/win/.m2/repository/jakarta/transaction/jakarta.transaction-api/1.3.3/jakarta.transaction-api-1.3.3-sources.jar","javadocContainerUrl":"file:/C:/Users/win/.m2/repository/jakarta/transaction/jakarta.transaction-api/1.3.3/jakarta.transaction-api-1.3.3-javadoc.jar","isSystem":false,"isOwn":false,"isTest":false,"isJavaContent":false},{"kind":"binary","path":"C:\\Users\\win\\.m2\\repository\\jakarta\\persistence\\jakarta.persistence-api\\2.2.3\\jakarta.persistence-api-2.2.3.jar","sourceContainerUrl":"file:/C:/Users/win/.m2/repository/jakarta/persistence/jakarta.persistence-api/2.2.3/jakarta.persistence-api-2.2.3-sources.jar","javadocContainerUrl":"file:/C:/Users/win/.m2/repository/jakarta/persistence/jakarta.persistence-api/2.2.3/jakarta.persistence-api-2.2.3-javadoc.jar","isSystem":false,"isOwn":false,"isTest":false,"isJavaContent":false},{"kind":"binary","path":"C:\\Users\\win\\.m2\\repository\\org\\hibernate\\hibernate-core\\5.4.15.Final\\hibernate-core-5.4.15.Final.jar","sourceContainerUrl":"file:/C:/Users/win/.m2/repository/org/hibernate/hibernate-core/5.4.15.Final/hibernate-core-5.4.15.Final-sources.jar","javadocContainerUrl":"file:/C:/Users/win/.m2/repository/org/hibernate/hibernate-core/5.4.15.Final/hibernate-core-5.4.15.Final-javadoc.jar","isSystem":false,"isOwn":false,"isTest":false,"isJavaContent":false},{"kind":"binary","path":"C:\\Users\\win\\.m2\\repository\\org\\jboss\\logging\\jboss-logging\\3.4.1.Final\\jboss-logging-3.4.1.Final.jar","sourceContainerUrl":"file:/C:/Users/win/.m2/repository/org/jboss/logging/jboss-logging/3.4.1.Final/jboss-logging-3.4.1.Final-sources.jar","javadocContainerUrl":"file:/C:/Users/win/.m2/repository/org/jboss/logging/jboss-logging/3.4.1.Final/jboss-logging-3.4.1.Final-javadoc.jar","isSystem":false,"isOwn":false,"isTest":false,"isJavaContent":false},{"kind":"binary","path":"C:\\Users\\win\\.m2\\repository\\org\\javassist\\javassist\\3.24.0-GA\\javassist-3.24.0-GA.jar","sourceContainerUrl":"file:/C:/Users/win/.m2/repository/org/javassist/javassist/3.24.0-GA/javassist-3.24.0-GA-sources.jar","javadocContainerUrl":"file:/C:/Users/win/.m2/repository/org/javassist/javassist/3.24.0-GA/javassist-3.24.0-GA-javadoc.jar","isSystem":false,"isOwn":false,"isTest":false,"isJavaContent":false},{"kind":"binary","path":"C:\\Users\\win\\.m2\\repository\\net\\bytebuddy\\byte-buddy\\1.10.10\\byte-buddy-1.10.10.jar","sourceContainerUrl":"file:/C:/Users/win/.m2/repository/net/bytebuddy/byte-buddy/1.10.10/byte-buddy-1.10.10-sources.jar","javadocContainerUrl":"file:/C:/Users/win/.m2/repository/net/bytebuddy/byte-buddy/1.10.10/byte-buddy-1.10.10-javadoc.jar","isSystem":false,"isOwn":false,"isTest":false,"isJavaContent":false},{"kind":"binary","path":"C:\\Users\\win\\.m2\\repository\\antlr\\antlr\\2.7.7\\antlr-2.7.7.jar","isSystem":false,"isOwn":false,"isTest":false,"isJavaContent":false},{"kind":"binary","path":"C:\\Users\\win\\.m2\\repository\\org\\jboss\\jandex\\2.1.3.Final\\jandex-2.1.3.Final.jar","sourceContainerUrl":"file:/C:/Users/win/.m2/repository/org/jboss/jandex/2.1.3.Final/jandex-2.1.3.Final-sources.jar","isSystem":false,"isOwn":false,"isTest":false,"isJavaContent":false},{"kind":"binary","path":"C:\\Users\\win\\.m2\\repository\\com\\fasterxml\\classmate\\1.5.1\\classmate-1.5.1.jar","sourceContainerUrl":"file:/C:/Users/win/.m2/repository/com/fasterxml/classmate/1.5.1/classmate-1.5.1-sources.jar","javadocContainerUrl":"file:/C:/Users/win/.m2/repository/com/fasterxml/classmate/1.5.1/classmate-1.5.1-javadoc.jar","isSystem":false,"isOwn":false,"isTest":false,"isJavaContent":false},{"kind":"binary","path":"C:\\Users\\win\\.m2\\repository\\org\\dom4j\\dom4j\\2.1.3\\dom4j-2.1.3.jar","sourceContainerUrl":"file:/C:/Users/win/.m2/repository/org/dom4j/dom4j/2.1.3/dom4j-2.1.3-sources.jar","javadocContainerUrl":"file:/C:/Users/win/.m2/repository/org/dom4j/dom4j/2.1.3/dom4j-2.1.3-javadoc.jar","isSystem":false,"isOwn":false,"isTest":false,"isJavaContent":false},{"kind":"binary","path":"C:\\Users\\win\\.m2\\repository\\org\\hibernate\\common\\hibernate-commons-annotations\\5.1.0.Final\\hibernate-commons-annotations-5.1.0.Final.jar","sourceContainerUrl":"file:/C:/Users/win/.m2/repository/org/hibernate/common/hibernate-commons-annotations/5.1.0.Final/hibernate-commons-annotations-5.1.0.Final-sources.jar","isSystem":false,"isOwn":false,"isTest":false,"isJavaContent":false},{"kind":"binary","path":"C:\\Users\\win\\.m2\\repository\\org\\glassfish\\jaxb\\jaxb-runtime\\2.3.3\\jaxb-runtime-2.3.3.jar","sourceContainerUrl":"file:/C:/Users/win/.m2/repository/org/glassfish/jaxb/jaxb-runtime/2.3.3/jaxb-runtime-2.3.3-sources.jar","javadocContainerUrl":"file:/C:/Users/win/.m2/repository/org/glassfish/jaxb/jaxb-runtime/2.3.3/jaxb-runtime-2.3.3-javadoc.jar","isSystem":false,"isOwn":false,"isTest":false,"isJavaContent":false},{"kind":"binary","path":"C:\\Users\\win\\.m2\\repository\\org\\glassfish\\jaxb\\txw2\\2.3.3\\txw2-2.3.3.jar","sourceContainerUrl":"file:/C:/Users/win/.m2/repository/org/glassfish/jaxb/txw2/2.3.3/txw2-2.3.3-sources.jar","javadocContainerUrl":"file:/C:/Users/win/.m2/repository/org/glassfish/jaxb/txw2/2.3.3/txw2-2.3.3-javadoc.jar","isSystem":false,"isOwn":false,"isTest":false,"isJavaContent":false},{"kind":"binary","path":"C:\\Users\\win\\.m2\\repository\\com\\sun\\istack\\istack-commons-runtime\\3.0.11\\istack-commons-runtime-3.0.11.jar","sourceContainerUrl":"file:/C:/Users/win/.m2/repository/com/sun/istack/istack-commons-runtime/3.0.11/istack-commons-runtime-3.0.11-sources.jar","javadocContainerUrl":"file:/C:/Users/win/.m2/repository/com/sun/istack/istack-commons-runtime/3.0.11/istack-commons-runtime-3.0.11-javadoc.jar","isSystem":false,"isOwn":false,"isTest":false,"isJavaContent":false},{"kind":"binary","path":"C:\\Users\\win\\.m2\\repository\\com\\sun\\activation\\jakarta.activation\\1.2.2\\jakarta.activation-1.2.2.jar","sourceContainerUrl":"file:/C:/Users/win/.m2/repository/com/sun/activation/jakarta.activation/1.2.2/jakarta.activation-1.2.2-sources.jar","javadocContainerUrl":"file:/C:/Users/win/.m2/repository/com/sun/activation/jakarta.activation/1.2.2/jakarta.activation-1.2.2-javadoc.jar","isSystem":false,"isOwn":false,"isTest":false,"isJavaContent":false},{"kind":"binary","path":"C:\\Users\\win\\.m2\\repository\\org\\springframework\\data\\spring-data-jpa\\2.3.0.RELEASE\\spring-data-jpa-2.3.0.RELEASE.jar","sourceContainerUrl":"file:/C:/Users/win/.m2/repository/org/springframework/data/spring-data-jpa/2.3.0.RELEASE/spring-data-jpa-2.3.0.RELEASE-sources.jar","javadocContainerUrl":"file:/C:/Users/win/.m2/repository/org/springframework/data/spring-data-jpa/2.3.0.RELEASE/spring-data-jpa-2.3.0.RELEASE-javadoc.jar","isSystem":false,"isOwn":false,"isTest":false,"isJavaContent":false},{"kind":"binary","path":"C:\\Users\\win\\.m2\\repository\\org\\springframework\\data\\spring-data-commons\\2.3.0.RELEASE\\spring-data-commons-2.3.0.RELEASE.jar","sourceContainerUrl":"file:/C:/Users/win/.m2/repository/org/springframework/data/spring-data-commons/2.3.0.RELEASE/spring-data-commons-2.3.0.RELEASE-sources.jar","javadocContainerUrl":"file:/C:/Users/win/.m2/repository/org/springframework/data/spring-data-commons/2.3.0.RELEASE/spring-data-commons-2.3.0.RELEASE-javadoc.jar","isSystem":false,"isOwn":false,"isTest":false,"isJavaContent":false},{"kind":"binary","path":"C:\\Users\\win\\.m2\\repository\\org\\springframework\\spring-orm\\5.2.6.RELEASE\\spring-orm-5.2.6.RELEASE.jar","sourceContainerUrl":"file:/C:/Users/win/.m2/repository/org/springframework/spring-orm/5.2.6.RELEASE/spring-orm-5.2.6.RELEASE-sources.jar","javadocContainerUrl":"file:/C:/Users/win/.m2/repository/org/springframework/spring-orm/5.2.6.RELEASE/spring-orm-5.2.6.RELEASE-javadoc.jar","isSystem":false,"isOwn":false,"isTest":false,"isJavaContent":false},{"kind":"binary","path":"C:\\Users\\win\\.m2\\repository\\org\\springframework\\spring-context\\5.2.6.RELEASE\\spring-context-5.2.6.RELEASE.jar","sourceContainerUrl":"file:/C:/Users/win/.m2/repository/org/springframework/spring-context/5.2.6.RELEASE/spring-context-5.2.6.RELEASE-sources.jar","javadocContainerUrl":"file:/C:/Users/win/.m2/repository/org/springframework/spring-context/5.2.6.RELEASE/spring-context-5.2.6.RELEASE-javadoc.jar","isSystem":false,"isOwn":false,"isTest":false,"isJavaContent":false},{"kind":"binary","path":"C:\\Users\\win\\.m2\\repository\\org\\springframework\\spring-tx\\5.2.6.RELEASE\\spring-tx-5.2.6.RELEASE.jar","sourceContainerUrl":"file:/C:/Users/win/.m2/repository/org/springframework/spring-tx/5.2.6.RELEASE/spring-tx-5.2.6.RELEASE-sources.jar","javadocContainerUrl":"file:/C:/Users/win/.m2/repository/org/springframework/spring-tx/5.2.6.RELEASE/spring-tx-5.2.6.RELEASE-javadoc.jar","isSystem":false,"isOwn":false,"isTest":false,"isJavaContent":false},{"kind":"binary","path":"C:\\Users\\win\\.m2\\repository\\org\\springframework\\spring-beans\\5.2.6.RELEASE\\spring-beans-5.2.6.RELEASE.jar","sourceContainerUrl":"file:/C:/Users/win/.m2/repository/org/springframework/spring-beans/5.2.6.RELEASE/spring-beans-5.2.6.RELEASE-sources.jar","javadocContainerUrl":"file:/C:/Users/win/.m2/repository/org/springframework/spring-beans/5.2.6.RELEASE/spring-beans-5.2.6.RELEASE-javadoc.jar","isSystem":false,"isOwn":false,"isTest":false,"isJavaContent":false},{"kind":"binary","path":"C:\\Users\\win\\.m2\\repository\\org\\slf4j\\slf4j-api\\1.7.30\\slf4j-api-1.7.30.jar","sourceContainerUrl":"file:/C:/Users/win/.m2/repository/org/slf4j/slf4j-api/1.7.30/slf4j-api-1.7.30-sources.jar","javadocContainerUrl":"file:/C:/Users/win/.m2/repository/org/slf4j/slf4j-api/1.7.30/slf4j-api-1.7.30-javadoc.jar","isSystem":false,"isOwn":false,"isTest":false,"isJavaContent":false},{"kind":"binary","path":"C:\\Users\\win\\.m2\\repository\\org\\springframework\\spring-aspects\\5.2.6.RELEASE\\spring-aspects-5.2.6.RELEASE.jar","sourceContainerUrl":"file:/C:/Users/win/.m2/repository/org/springframework/spring-aspects/5.2.6.RELEASE/spring-aspects-5.2.6.RELEASE-sources.jar","javadocContainerUrl":"file:/C:/Users/win/.m2/repository/org/springframework/spring-aspects/5.2.6.RELEASE/spring-aspects-5.2.6.RELEASE-javadoc.jar","isSystem":false,"isOwn":false,"isTest":false,"isJavaContent":false},{"kind":"binary","path":"C:\\Users\\win\\.m2\\repository\\org\\springframework\\boot\\spring-boot-starter-web\\2.3.0.RELEASE\\spring-boot-starter-web-2.3.0.RELEASE.jar","sourceContainerUrl":"file:/C:/Users/win/.m2/repository/org/springframework/boot/spring-boot-starter-web/2.3.0.RELEASE/spring-boot-starter-web-2.3.0.RELEASE-sources.jar","javadocContainerUrl":"file:/C:/Users/win/.m2/repository/org/springframework/boot/spring-boot-starter-web/2.3.0.RELEASE/spring-boot-starter-web-2.3.0.RELEASE-javadoc.jar","isSystem":false,"isOwn":false,"isTest":false,"isJavaContent":false},{"kind":"binary","path":"C:\\Users\\win\\.m2\\repository\\org\\springframework\\boot\\spring-boot-starter\\2.3.0.RELEASE\\spring-boot-starter-2.3.0.RELEASE.jar","sourceContainerUrl":"file:/C:/Users/win/.m2/repository/org/springframework/boot/spring-boot-starter/2.3.0.RELEASE/spring-boot-starter-2.3.0.RELEASE-sources.jar","javadocContainerUrl":"file:/C:/Users/win/.m2/repository/org/springframework/boot/spring-boot-starter/2.3.0.RELEASE/spring-boot-starter-2.3.0.RELEASE-javadoc.jar","isSystem":false,"isOwn":false,"isTest":false,"isJavaContent":false},{"kind":"binary","path":"C:\\Users\\win\\.m2\\repository\\org\\springframework\\boot\\spring-boot-starter-logging\\2.3.0.RELEASE\\spring-boot-starter-logging-2.3.0.RELEASE.jar","sourceContainerUrl":"file:/C:/Users/win/.m2/repository/org/springframework/boot/spring-boot-starter-logging/2.3.0.RELEASE/spring-boot-starter-logging-2.3.0.RELEASE-sources.jar","javadocContainerUrl":"file:/C:/Users/win/.m2/repository/org/springframework/boot/spring-boot-starter-logging/2.3.0.RELEASE/spring-boot-starter-logging-2.3.0.RELEASE-javadoc.jar","isSystem":false,"isOwn":false,"isTest":false,"isJavaContent":false},{"kind":"binary","path":"C:\\Users\\win\\.m2\\repository\\ch\\qos\\logback\\logback-classic\\1.2.3\\logback-classic-1.2.3.jar","sourceContainerUrl":"file:/C:/Users/win/.m2/repository/ch/qos/logback/logback-classic/1.2.3/logback-classic-1.2.3-sources.jar","javadocContainerUrl":"file:/C:/Users/win/.m2/repository/ch/qos/logback/logback-classic/1.2.3/logback-classic-1.2.3-javadoc.jar","isSystem":false,"isOwn":false,"isTest":false,"isJavaContent":false},{"kind":"binary","path":"C:\\Users\\win\\.m2\\repository\\ch\\qos\\logback\\logback-core\\1.2.3\\logback-core-1.2.3.jar","sourceContainerUrl":"file:/C:/Users/win/.m2/repository/ch/qos/logback/logback-core/1.2.3/logback-core-1.2.3-sources.jar","javadocContainerUrl":"file:/C:/Users/win/.m2/repository/ch/qos/logback/logback-core/1.2.3/logback-core-1.2.3-javadoc.jar","isSystem":false,"isOwn":false,"isTest":false,"isJavaContent":false},{"kind":"binary","path":"C:\\Users\\win\\.m2\\repository\\org\\apache\\logging\\log4j\\log4j-to-slf4j\\2.13.2\\log4j-to-slf4j-2.13.2.jar","sourceContainerUrl":"file:/C:/Users/win/.m2/repository/org/apache/logging/log4j/log4j-to-slf4j/2.13.2/log4j-to-slf4j-2.13.2-sources.jar","javadocContainerUrl":"file:/C:/Users/win/.m2/repository/org/apache/logging/log4j/log4j-to-slf4j/2.13.2/log4j-to-slf4j-2.13.2-javadoc.jar","isSystem":false,"isOwn":false,"isTest":false,"isJavaContent":false},{"kind":"binary","path":"C:\\Users\\win\\.m2\\repository\\org\\apache\\logging\\log4j\\log4j-api\\2.13.2\\log4j-api-2.13.2.jar","sourceContainerUrl":"file:/C:/Users/win/.m2/repository/org/apache/logging/log4j/log4j-api/2.13.2/log4j-api-2.13.2-sources.jar","javadocContainerUrl":"file:/C:/Users/win/.m2/repository/org/apache/logging/log4j/log4j-api/2.13.2/log4j-api-2.13.2-javadoc.jar","isSystem":false,"isOwn":false,"isTest":false,"isJavaContent":false},{"kind":"binary","path":"C:\\Users\\win\\.m2\\repository\\org\\slf4j\\jul-to-slf4j\\1.7.30\\jul-to-slf4j-1.7.30.jar","sourceContainerUrl":"file:/C:/Users/win/.m2/repository/org/slf4j/jul-to-slf4j/1.7.30/jul-to-slf4j-1.7.30-sources.jar","javadocContainerUrl":"file:/C:/Users/win/.m2/repository/org/slf4j/jul-to-slf4j/1.7.30/jul-to-slf4j-1.7.30-javadoc.jar","isSystem":false,"isOwn":false,"isTest":false,"isJavaContent":false},{"kind":"binary","path":"C:\\Users\\win\\.m2\\repository\\org\\yaml\\snakeyaml\\1.26\\snakeyaml-1.26.jar","sourceContainerUrl":"file:/C:/Users/win/.m2/repository/org/yaml/snakeyaml/1.26/snakeyaml-1.26-sources.jar","javadocContainerUrl":"file:/C:/Users/win/.m2/repository/org/yaml/snakeyaml/1.26/snakeyaml-1.26-javadoc.jar","isSystem":false,"isOwn":false,"isTest":false,"isJavaContent":false},{"kind":"binary","path":"C:\\Users\\win\\.m2\\repository\\org\\springframework\\boot\\spring-boot-starter-json\\2.3.0.RELEASE\\spring-boot-starter-json-2.3.0.RELEASE.jar","sourceContainerUrl":"file:/C:/Users/win/.m2/repository/org/springframework/boot/spring-boot-starter-json/2.3.0.RELEASE/spring-boot-starter-json-2.3.0.RELEASE-sources.jar","javadocContainerUrl":"file:/C:/Users/win/.m2/repository/org/springframework/boot/spring-boot-starter-json/2.3.0.RELEASE/spring-boot-starter-json-2.3.0.RELEASE-javadoc.jar","isSystem":false,"isOwn":false,"isTest":false,"isJavaContent":false},{"kind":"binary","path":"C:\\Users\\win\\.m2\\repository\\com\\fasterxml\\jackson\\core\\jackson-databind\\2.11.0\\jackson-databind-2.11.0.jar","sourceContainerUrl":"file:/C:/Users/win/.m2/repository/com/fasterxml/jackson/core/jackson-databind/2.11.0/jackson-databind-2.11.0-sources.jar","javadocContainerUrl":"file:/C:/Users/win/.m2/repository/com/fasterxml/jackson/core/jackson-databind/2.11.0/jackson-databind-2.11.0-javadoc.jar","isSystem":false,"isOwn":false,"isTest":false,"isJavaContent":false},{"kind":"binary","path":"C:\\Users\\win\\.m2\\repository\\com\\fasterxml\\jackson\\core\\jackson-annotations\\2.11.0\\jackson-annotations-2.11.0.jar","sourceContainerUrl":"file:/C:/Users/win/.m2/repository/com/fasterxml/jackson/core/jackson-annotations/2.11.0/jackson-annotations-2.11.0-sources.jar","javadocContainerUrl":"file:/C:/Users/win/.m2/repository/com/fasterxml/jackson/core/jackson-annotations/2.11.0/jackson-annotations-2.11.0-javadoc.jar","isSystem":false,"isOwn":false,"isTest":false,"isJavaContent":false},{"kind":"binary","path":"C:\\Users\\win\\.m2\\repository\\com\\fasterxml\\jackson\\core\\jackson-core\\2.11.0\\jackson-core-2.11.0.jar","sourceContainerUrl":"file:/C:/Users/win/.m2/repository/com/fasterxml/jackson/core/jackson-core/2.11.0/jackson-core-2.11.0-sources.jar","javadocContainerUrl":"file:/C:/Users/win/.m2/repository/com/fasterxml/jackson/core/jackson-core/2.11.0/jackson-core-2.11.0-javadoc.jar","isSystem":false,"isOwn":false,"isTest":false,"isJavaContent":false},{"kind":"binary","path":"C:\\Users\\win\\.m2\\repository\\com\\fasterxml\\jackson\\datatype\\jackson-datatype-jdk8\\2.11.0\\jackson-datatype-jdk8-2.11.0.jar","sourceContainerUrl":"file:/C:/Users/win/.m2/repository/com/fasterxml/jackson/datatype/jackson-datatype-jdk8/2.11.0/jackson-datatype-jdk8-2.11.0-sources.jar","javadocContainerUrl":"file:/C:/Users/win/.m2/repository/com/fasterxml/jackson/datatype/jackson-datatype-jdk8/2.11.0/jackson-datatype-jdk8-2.11.0-javadoc.jar","isSystem":false,"isOwn":false,"isTest":false,"isJavaContent":false},{"kind":"binary","path":"C:\\Users\\win\\.m2\\repository\\com\\fasterxml\\jackson\\datatype\\jackson-datatype-jsr310\\2.11.0\\jackson-datatype-jsr310-2.11.0.jar","sourceContainerUrl":"file:/C:/Users/win/.m2/repository/com/fasterxml/jackson/datatype/jackson-datatype-jsr310/2.11.0/jackson-datatype-jsr310-2.11.0-sources.jar","javadocContainerUrl":"file:/C:/Users/win/.m2/repository/com/fasterxml/jackson/datatype/jackson-datatype-jsr310/2.11.0/jackson-datatype-jsr310-2.11.0-javadoc.jar","isSystem":false,"isOwn":false,"isTest":false,"isJavaContent":false},{"kind":"binary","path":"C:\\Users\\win\\.m2\\repository\\com\\fasterxml\\jackson\\module\\jackson-module-parameter-names\\2.11.0\\jackson-module-parameter-names-2.11.0.jar","sourceContainerUrl":"file:/C:/Users/win/.m2/repository/com/fasterxml/jackson/module/jackson-module-parameter-names/2.11.0/jackson-module-parameter-names-2.11.0-sources.jar","javadocContainerUrl":"file:/C:/Users/win/.m2/repository/com/fasterxml/jackson/module/jackson-module-parameter-names/2.11.0/jackson-module-parameter-names-2.11.0-javadoc.jar","isSystem":false,"isOwn":false,"isTest":false,"isJavaContent":false},{"kind":"binary","path":"C:\\Users\\win\\.m2\\repository\\org\\springframework\\spring-web\\5.2.6.RELEASE\\spring-web-5.2.6.RELEASE.jar","sourceContainerUrl":"file:/C:/Users/win/.m2/repository/org/springframework/spring-web/5.2.6.RELEASE/spring-web-5.2.6.RELEASE-sources.jar","javadocContainerUrl":"file:/C:/Users/win/.m2/repository/org/springframework/spring-web/5.2.6.RELEASE/spring-web-5.2.6.RELEASE-javadoc.jar","isSystem":false,"isOwn":false,"isTest":false,"isJavaContent":false},{"kind":"binary","path":"C:\\Users\\win\\.m2\\repository\\org\\springframework\\spring-webmvc\\5.2.6.RELEASE\\spring-webmvc-5.2.6.RELEASE.jar","sourceContainerUrl":"file:/C:/Users/win/.m2/repository/org/springframework/spring-webmvc/5.2.6.RELEASE/spring-webmvc-5.2.6.RELEASE-sources.jar","javadocContainerUrl":"file:/C:/Users/win/.m2/repository/org/springframework/spring-webmvc/5.2.6.RELEASE/spring-webmvc-5.2.6.RELEASE-javadoc.jar","isSystem":false,"isOwn":false,"isTest":false,"isJavaContent":false},{"kind":"binary","path":"C:\\Users\\win\\.m2\\repository\\org\\springframework\\spring-expression\\5.2.6.RELEASE\\spring-expression-5.2.6.RELEASE.jar","sourceContainerUrl":"file:/C:/Users/win/.m2/repository/org/springframework/spring-expression/5.2.6.RELEASE/spring-expression-5.2.6.RELEASE-sources.jar","javadocContainerUrl":"file:/C:/Users/win/.m2/repository/org/springframework/spring-expression/5.2.6.RELEASE/spring-expression-5.2.6.RELEASE-javadoc.jar","isSystem":false,"isOwn":false,"isTest":false,"isJavaContent":false},{"kind":"binary","path":"C:\\Users\\win\\.m2\\repository\\org\\springframework\\boot\\spring-boot-devtools\\2.3.0.RELEASE\\spring-boot-devtools-2.3.0.RELEASE.jar","sourceContainerUrl":"file:/C:/Users/win/.m2/repository/org/springframework/boot/spring-boot-devtools/2.3.0.RELEASE/spring-boot-devtools-2.3.0.RELEASE-sources.jar","javadocContainerUrl":"file:/C:/Users/win/.m2/repository/org/springframework/boot/spring-boot-devtools/2.3.0.RELEASE/spring-boot-devtools-2.3.0.RELEASE-javadoc.jar","isSystem":false,"isOwn":false,"isTest":false,"isJavaContent":false},{"kind":"binary","path":"C:\\Users\\win\\.m2\\repository\\org\\springframework\\boot\\spring-boot\\2.3.0.RELEASE\\spring-boot-2.3.0.RELEASE.jar","sourceContainerUrl":"file:/C:/Users/win/.m2/repository/org/springframework/boot/spring-boot/2.3.0.RELEASE/spring-boot-2.3.0.RELEASE-sources.jar","javadocContainerUrl":"file:/C:/Users/win/.m2/repository/org/springframework/boot/spring-boot/2.3.0.RELEASE/spring-boot-2.3.0.RELEASE-javadoc.jar","isSystem":false,"isOwn":false,"isTest":false,"isJavaContent":false},{"kind":"binary","path":"C:\\Users\\win\\.m2\\repository\\org\\springframework\\boot\\spring-boot-autoconfigure\\2.3.0.RELEASE\\spring-boot-autoconfigure-2.3.0.RELEASE.jar","sourceContainerUrl":"file:/C:/Users/win/.m2/repository/org/springframework/boot/spring-boot-autoconfigure/2.3.0.RELEASE/spring-boot-autoconfigure-2.3.0.RELEASE-sources.jar","javadocContainerUrl":"file:/C:/Users/win/.m2/repository/org/springframework/boot/spring-boot-autoconfigure/2.3.0.RELEASE/spring-boot-autoconfigure-2.3.0.RELEASE-javadoc.jar","isSystem":false,"isOwn":false,"isTest":false,"isJavaContent":false},{"kind":"binary","path":"C:\\Users\\win\\.m2\\repository\\mysql\\mysql-connector-java\\5.1.6\\mysql-connector-java-5.1.6.jar","isSystem":false,"isOwn":false,"isTest":false,"isJavaContent":false},{"kind":"binary","path":"C:\\Users\\win\\.m2\\repository\\org\\springframework\\boot\\spring-boot-starter-tomcat\\2.3.0.RELEASE\\spring-boot-starter-tomcat-2.3.0.RELEASE.jar","sourceContainerUrl":"file:/C:/Users/win/.m2/repository/org/springframework/boot/spring-boot-starter-tomcat/2.3.0.RELEASE/spring-boot-starter-tomcat-2.3.0.RELEASE-sources.jar","javadocContainerUrl":"file:/C:/Users/win/.m2/repository/org/springframework/boot/spring-boot-starter-tomcat/2.3.0.RELEASE/spring-boot-starter-tomcat-2.3.0.RELEASE-javadoc.jar","isSystem":false,"isOwn":false,"isTest":false,"isJavaContent":false},{"kind":"binary","path":"C:\\Users\\win\\.m2\\repository\\jakarta\\annotation\\jakarta.annotation-api\\1.3.5\\jakarta.annotation-api-1.3.5.jar","sourceContainerUrl":"file:/C:/Users/win/.m2/repository/jakarta/annotation/jakarta.annotation-api/1.3.5/jakarta.annotation-api-1.3.5-sources.jar","javadocContainerUrl":"file:/C:/Users/win/.m2/repository/jakarta/annotation/jakarta.annotation-api/1.3.5/jakarta.annotation-api-1.3.5-javadoc.jar","isSystem":false,"isOwn":false,"isTest":false,"isJavaContent":false},{"kind":"binary","path":"C:\\Users\\win\\.m2\\repository\\org\\apache\\tomcat\\embed\\tomcat-embed-core\\9.0.35\\tomcat-embed-core-9.0.35.jar","sourceContainerUrl":"file:/C:/Users/win/.m2/repository/org/apache/tomcat/embed/tomcat-embed-core/9.0.35/tomcat-embed-core-9.0.35-sources.jar","isSystem":false,"isOwn":false,"isTest":false,"isJavaContent":false},{"kind":"binary","path":"C:\\Users\\win\\.m2\\repository\\org\\glassfish\\jakarta.el\\3.0.3\\jakarta.el-3.0.3.jar","sourceContainerUrl":"file:/C:/Users/win/.m2/repository/org/glassfish/jakarta.el/3.0.3/jakarta.el-3.0.3-sources.jar","javadocContainerUrl":"file:/C:/Users/win/.m2/repository/org/glassfish/jakarta.el/3.0.3/jakarta.el-3.0.3-javadoc.jar","isSystem":false,"isOwn":false,"isTest":false,"isJavaContent":false},{"kind":"binary","path":"C:\\Users\\win\\.m2\\repository\\org\\apache\\tomcat\\embed\\tomcat-embed-websocket\\9.0.35\\tomcat-embed-websocket-9.0.35.jar","sourceContainerUrl":"file:/C:/Users/win/.m2/repository/org/apache/tomcat/embed/tomcat-embed-websocket/9.0.35/tomcat-embed-websocket-9.0.35-sources.jar","isSystem":false,"isOwn":false,"isTest":false,"isJavaContent":false},{"kind":"binary","path":"C:\\Users\\win\\.m2\\repository\\org\\modelmapper\\modelmapper\\1.1.0\\modelmapper-1.1.0.jar","sourceContainerUrl":"file:/C:/Users/win/.m2/repository/org/modelmapper/modelmapper/1.1.0/modelmapper-1.1.0-sources.jar","javadocContainerUrl":"file:/C:/Users/win/.m2/repository/org/modelmapper/modelmapper/1.1.0/modelmapper-1.1.0-javadoc.jar","isSystem":false,"isOwn":false,"isTest":false,"isJavaContent":false},{"kind":"binary","path":"C:\\Users\\win\\.m2\\repository\\org\\springframework\\boot\\spring-boot-starter-test\\2.3.0.RELEASE\\spring-boot-starter-test-2.3.0.RELEASE.jar","sourceContainerUrl":"file:/C:/Users/win/.m2/repository/org/springframework/boot/spring-boot-starter-test/2.3.0.RELEASE/spring-boot-starter-test-2.3.0.RELEASE-sources.jar","javadocContainerUrl":"file:/C:/Users/win/.m2/repository/org/springframework/boot/spring-boot-starter-test/2.3.0.RELEASE/spring-boot-starter-test-2.3.0.RELEASE-javadoc.jar","isSystem":false,"isOwn":false,"isTest":false,"isJavaContent":false},{"kind":"binary","path":"C:\\Users\\win\\.m2\\repository\\org\\springframework\\boot\\spring-boot-test\\2.3.0.RELEASE\\spring-boot-test-2.3.0.RELEASE.jar","sourceContainerUrl":"file:/C:/Users/win/.m2/repository/org/springframework/boot/spring-boot-test/2.3.0.RELEASE/spring-boot-test-2.3.0.RELEASE-sources.jar","javadocContainerUrl":"file:/C:/Users/win/.m2/repository/org/springframework/boot/spring-boot-test/2.3.0.RELEASE/spring-boot-test-2.3.0.RELEASE-javadoc.jar","isSystem":false,"isOwn":false,"isTest":false,"isJavaContent":false},{"kind":"binary","path":"C:\\Users\\win\\.m2\\repository\\org\\springframework\\boot\\spring-boot-test-autoconfigure\\2.3.0.RELEASE\\spring-boot-test-autoconfigure-2.3.0.RELEASE.jar","sourceContainerUrl":"file:/C:/Users/win/.m2/repository/org/springframework/boot/spring-boot-test-autoconfigure/2.3.0.RELEASE/spring-boot-test-autoconfigure-2.3.0.RELEASE-sources.jar","javadocContainerUrl":"file:/C:/Users/win/.m2/repository/org/springframework/boot/spring-boot-test-autoconfigure/2.3.0.RELEASE/spring-boot-test-autoconfigure-2.3.0.RELEASE-javadoc.jar","isSystem":false,"isOwn":false,"isTest":false,"isJavaContent":false},{"kind":"binary","path":"C:\\Users\\win\\.m2\\repository\\com\\jayway\\jsonpath\\json-path\\2.4.0\\json-path-2.4.0.jar","sourceContainerUrl":"file:/C:/Users/win/.m2/repository/com/jayway/jsonpath/json-path/2.4.0/json-path-2.4.0-sources.jar","javadocContainerUrl":"file:/C:/Users/win/.m2/repository/com/jayway/jsonpath/json-path/2.4.0/json-path-2.4.0-javadoc.jar","isSystem":false,"isOwn":false,"isTest":false,"isJavaContent":false},{"kind":"binary","path":"C:\\Users\\win\\.m2\\repository\\net\\minidev\\json-smart\\2.3\\json-smart-2.3.jar","sourceContainerUrl":"file:/C:/Users/win/.m2/repository/net/minidev/json-smart/2.3/json-smart-2.3-sources.jar","javadocContainerUrl":"file:/C:/Users/win/.m2/repository/net/minidev/json-smart/2.3/json-smart-2.3-javadoc.jar","isSystem":false,"isOwn":false,"isTest":false,"isJavaContent":false},{"kind":"binary","path":"C:\\Users\\win\\.m2\\repository\\net\\minidev\\accessors-smart\\1.2\\accessors-smart-1.2.jar","sourceContainerUrl":"file:/C:/Users/win/.m2/repository/net/minidev/accessors-smart/1.2/accessors-smart-1.2-sources.jar","javadocContainerUrl":"file:/C:/Users/win/.m2/repository/net/minidev/accessors-smart/1.2/accessors-smart-1.2-javadoc.jar","isSystem":false,"isOwn":false,"isTest":false,"isJavaContent":false},{"kind":"binary","path":"C:\\Users\\win\\.m2\\repository\\org\\ow2\\asm\\asm\\5.0.4\\asm-5.0.4.jar","sourceContainerUrl":"file:/C:/Users/win/.m2/repository/org/ow2/asm/asm/5.0.4/asm-5.0.4-sources.jar","javadocContainerUrl":"file:/C:/Users/win/.m2/repository/org/ow2/asm/asm/5.0.4/asm-5.0.4-javadoc.jar","isSystem":false,"isOwn":false,"isTest":false,"isJavaContent":false},{"kind":"binary","path":"C:\\Users\\win\\.m2\\repository\\jakarta\\xml\\bind\\jakarta.xml.bind-api\\2.3.3\\jakarta.xml.bind-api-2.3.3.jar","sourceContainerUrl":"file:/C:/Users/win/.m2/repository/jakarta/xml/bind/jakarta.xml.bind-api/2.3.3/jakarta.xml.bind-api-2.3.3-sources.jar","javadocContainerUrl":"file:/C:/Users/win/.m2/repository/jakarta/xml/bind/jakarta.xml.bind-api/2.3.3/jakarta.xml.bind-api-2.3.3-javadoc.jar","isSystem":false,"isOwn":false,"isTest":false,"isJavaContent":false},{"kind":"binary","path":"C:\\Users\\win\\.m2\\repository\\jakarta\\activation\\jakarta.activation-api\\1.2.2\\jakarta.activation-api-1.2.2.jar","sourceContainerUrl":"file:/C:/Users/win/.m2/repository/jakarta/activation/jakarta.activation-api/1.2.2/jakarta.activation-api-1.2.2-sources.jar","javadocContainerUrl":"file:/C:/Users/win/.m2/repository/jakarta/activation/jakarta.activation-api/1.2.2/jakarta.activation-api-1.2.2-javadoc.jar","isSystem":false,"isOwn":false,"isTest":false,"isJavaContent":false},{"kind":"binary","path":"C:\\Users\\win\\.m2\\repository\\org\\assertj\\assertj-core\\3.16.1\\assertj-core-3.16.1.jar","sourceContainerUrl":"file:/C:/Users/win/.m2/repository/org/assertj/assertj-core/3.16.1/assertj-core-3.16.1-sources.jar","javadocContainerUrl":"file:/C:/Users/win/.m2/repository/org/assertj/assertj-core/3.16.1/assertj-core-3.16.1-javadoc.jar","isSystem":false,"isOwn":false,"isTest":false,"isJavaContent":false},{"kind":"binary","path":"C:\\Users\\win\\.m2\\repository\\org\\hamcrest\\hamcrest\\2.2\\hamcrest-2.2.jar","sourceContainerUrl":"file:/C:/Users/win/.m2/repository/org/hamcrest/hamcrest/2.2/hamcrest-2.2-sources.jar","javadocContainerUrl":"file:/C:/Users/win/.m2/repository/org/hamcrest/hamcrest/2.2/hamcrest-2.2-javadoc.jar","isSystem":false,"isOwn":false,"isTest":false,"isJavaContent":false},{"kind":"binary","path":"C:\\Users\\win\\.m2\\repository\\org\\junit\\jupiter\\junit-jupiter\\5.6.2\\junit-jupiter-5.6.2.jar","sourceContainerUrl":"file:/C:/Users/win/.m2/repository/org/junit/jupiter/junit-jupiter/5.6.2/junit-jupiter-5.6.2-sources.jar","javadocContainerUrl":"file:/C:/Users/win/.m2/repository/org/junit/jupiter/junit-jupiter/5.6.2/junit-jupiter-5.6.2-javadoc.jar","isSystem":false,"isOwn":false,"isTest":false,"isJavaContent":false},{"kind":"binary","path":"C:\\Users\\win\\.m2\\repository\\org\\junit\\jupiter\\junit-jupiter-api\\5.6.2\\junit-jupiter-api-5.6.2.jar","sourceContainerUrl":"file:/C:/Users/win/.m2/repository/org/junit/jupiter/junit-jupiter-api/5.6.2/junit-jupiter-api-5.6.2-sources.jar","javadocContainerUrl":"file:/C:/Users/win/.m2/repository/org/junit/jupiter/junit-jupiter-api/5.6.2/junit-jupiter-api-5.6.2-javadoc.jar","isSystem":false,"isOwn":false,"isTest":false,"isJavaContent":false},{"kind":"binary","path":"C:\\Users\\win\\.m2\\repository\\org\\apiguardian\\apiguardian-api\\1.1.0\\apiguardian-api-1.1.0.jar","sourceContainerUrl":"file:/C:/Users/win/.m2/repository/org/apiguardian/apiguardian-api/1.1.0/apiguardian-api-1.1.0-sources.jar","javadocContainerUrl":"file:/C:/Users/win/.m2/repository/org/apiguardian/apiguardian-api/1.1.0/apiguardian-api-1.1.0-javadoc.jar","isSystem":false,"isOwn":false,"isTest":false,"isJavaContent":false},{"kind":"binary","path":"C:\\Users\\win\\.m2\\repository\\org\\opentest4j\\opentest4j\\1.2.0\\opentest4j-1.2.0.jar","sourceContainerUrl":"file:/C:/Users/win/.m2/repository/org/opentest4j/opentest4j/1.2.0/opentest4j-1.2.0-sources.jar","javadocContainerUrl":"file:/C:/Users/win/.m2/repository/org/opentest4j/opentest4j/1.2.0/opentest4j-1.2.0-javadoc.jar","isSystem":false,"isOwn":false,"isTest":false,"isJavaContent":false},{"kind":"binary","path":"C:\\Users\\win\\.m2\\repository\\org\\junit\\platform\\junit-platform-commons\\1.6.2\\junit-platform-commons-1.6.2.jar","sourceContainerUrl":"file:/C:/Users/win/.m2/repository/org/junit/platform/junit-platform-commons/1.6.2/junit-platform-commons-1.6.2-sources.jar","javadocContainerUrl":"file:/C:/Users/win/.m2/repository/org/junit/platform/junit-platform-commons/1.6.2/junit-platform-commons-1.6.2-javadoc.jar","isSystem":false,"isOwn":false,"isTest":false,"isJavaContent":false},{"kind":"binary","path":"C:\\Users\\win\\.m2\\repository\\org\\junit\\jupiter\\junit-jupiter-params\\5.6.2\\junit-jupiter-params-5.6.2.jar","sourceContainerUrl":"file:/C:/Users/win/.m2/repository/org/junit/jupiter/junit-jupiter-params/5.6.2/junit-jupiter-params-5.6.2-sources.jar","javadocContainerUrl":"file:/C:/Users/win/.m2/repository/org/junit/jupiter/junit-jupiter-params/5.6.2/junit-jupiter-params-5.6.2-javadoc.jar","isSystem":false,"isOwn":false,"isTest":false,"isJavaContent":false},{"kind":"binary","path":"C:\\Users\\win\\.m2\\repository\\org\\junit\\jupiter\\junit-jupiter-engine\\5.6.2\\junit-jupiter-engine-5.6.2.jar","sourceContainerUrl":"file:/C:/Users/win/.m2/repository/org/junit/jupiter/junit-jupiter-engine/5.6.2/junit-jupiter-engine-5.6.2-sources.jar","javadocContainerUrl":"file:/C:/Users/win/.m2/repository/org/junit/jupiter/junit-jupiter-engine/5.6.2/junit-jupiter-engine-5.6.2-javadoc.jar","isSystem":false,"isOwn":false,"isTest":false,"isJavaContent":false},{"kind":"binary","path":"C:\\Users\\win\\.m2\\repository\\org\\junit\\platform\\junit-platform-engine\\1.6.2\\junit-platform-engine-1.6.2.jar","sourceContainerUrl":"file:/C:/Users/win/.m2/repository/org/junit/platform/junit-platform-engine/1.6.2/junit-platform-engine-1.6.2-sources.jar","javadocContainerUrl":"file:/C:/Users/win/.m2/repository/org/junit/platform/junit-platform-engine/1.6.2/junit-platform-engine-1.6.2-javadoc.jar","isSystem":false,"isOwn":false,"isTest":false,"isJavaContent":false},{"kind":"binary","path":"C:\\Users\\win\\.m2\\repository\\org\\mockito\\mockito-core\\3.3.3\\mockito-core-3.3.3.jar","sourceContainerUrl":"file:/C:/Users/win/.m2/repository/org/mockito/mockito-core/3.3.3/mockito-core-3.3.3-sources.jar","javadocContainerUrl":"file:/C:/Users/win/.m2/repository/org/mockito/mockito-core/3.3.3/mockito-core-3.3.3-javadoc.jar","isSystem":false,"isOwn":false,"isTest":false,"isJavaContent":false},{"kind":"binary","path":"C:\\Users\\win\\.m2\\repository\\net\\bytebuddy\\byte-buddy-agent\\1.10.10\\byte-buddy-agent-1.10.10.jar","sourceContainerUrl":"file:/C:/Users/win/.m2/repository/net/bytebuddy/byte-buddy-agent/1.10.10/byte-buddy-agent-1.10.10-sources.jar","javadocContainerUrl":"file:/C:/Users/win/.m2/repository/net/bytebuddy/byte-buddy-agent/1.10.10/byte-buddy-agent-1.10.10-javadoc.jar","isSystem":false,"isOwn":false,"isTest":false,"isJavaContent":false},{"kind":"binary","path":"C:\\Users\\win\\.m2\\repository\\org\\objenesis\\objenesis\\2.6\\objenesis-2.6.jar","sourceContainerUrl":"file:/C:/Users/win/.m2/repository/org/objenesis/objenesis/2.6/objenesis-2.6-sources.jar","javadocContainerUrl":"file:/C:/Users/win/.m2/repository/org/objenesis/objenesis/2.6/objenesis-2.6-javadoc.jar","isSystem":false,"isOwn":false,"isTest":false,"isJavaContent":false},{"kind":"binary","path":"C:\\Users\\win\\.m2\\repository\\org\\mockito\\mockito-junit-jupiter\\3.3.3\\mockito-junit-jupiter-3.3.3.jar","sourceContainerUrl":"file:/C:/Users/win/.m2/repository/org/mockito/mockito-junit-jupiter/3.3.3/mockito-junit-jupiter-3.3.3-sources.jar","javadocContainerUrl":"file:/C:/Users/win/.m2/repository/org/mockito/mockito-junit-jupiter/3.3.3/mockito-junit-jupiter-3.3.3-javadoc.jar","isSystem":false,"isOwn":false,"isTest":false,"isJavaContent":false},{"kind":"binary","path":"C:\\Users\\win\\.m2\\repository\\org\\skyscreamer\\jsonassert\\1.5.0\\jsonassert-1.5.0.jar","sourceContainerUrl":"file:/C:/Users/win/.m2/repository/org/skyscreamer/jsonassert/1.5.0/jsonassert-1.5.0-sources.jar","javadocContainerUrl":"file:/C:/Users/win/.m2/repository/org/skyscreamer/jsonassert/1.5.0/jsonassert-1.5.0-javadoc.jar","isSystem":false,"isOwn":false,"isTest":false,"isJavaContent":false},{"kind":"binary","path":"C:\\Users\\win\\.m2\\repository\\com\\vaadin\\external\\google\\android-json\\0.0.20131108.vaadin1\\android-json-0.0.20131108.vaadin1.jar","sourceContainerUrl":"file:/C:/Users/win/.m2/repository/com/vaadin/external/google/android-json/0.0.20131108.vaadin1/android-json-0.0.20131108.vaadin1-sources.jar","javadocContainerUrl":"file:/C:/Users/win/.m2/repository/com/vaadin/external/google/android-json/0.0.20131108.vaadin1/android-json-0.0.20131108.vaadin1-javadoc.jar","isSystem":false,"isOwn":false,"isTest":false,"isJavaContent":false},{"kind":"binary","path":"C:\\Users\\win\\.m2\\repository\\org\\springframework\\spring-core\\5.2.6.RELEASE\\spring-core-5.2.6.RELEASE.jar","sourceContainerUrl":"file:/C:/Users/win/.m2/repository/org/springframework/spring-core/5.2.6.RELEASE/spring-core-5.2.6.RELEASE-sources.jar","javadocContainerUrl":"file:/C:/Users/win/.m2/repository/org/springframework/spring-core/5.2.6.RELEASE/spring-core-5.2.6.RELEASE-javadoc.jar","isSystem":false,"isOwn":false,"isTest":false,"isJavaContent":false},{"kind":"binary","path":"C:\\Users\\win\\.m2\\repository\\org\\springframework\\spring-jcl\\5.2.6.RELEASE\\spring-jcl-5.2.6.RELEASE.jar","sourceContainerUrl":"file:/C:/Users/win/.m2/repository/org/springframework/spring-jcl/5.2.6.RELEASE/spring-jcl-5.2.6.RELEASE-sources.jar","javadocContainerUrl":"file:/C:/Users/win/.m2/repository/org/springframework/spring-jcl/5.2.6.RELEASE/spring-jcl-5.2.6.RELEASE-javadoc.jar","isSystem":false,"isOwn":false,"isTest":false,"isJavaContent":false},{"kind":"binary","path":"C:\\Users\\win\\.m2\\repository\\org\\springframework\\spring-test\\5.2.6.RELEASE\\spring-test-5.2.6.RELEASE.jar","sourceContainerUrl":"file:/C:/Users/win/.m2/repository/org/springframework/spring-test/5.2.6.RELEASE/spring-test-5.2.6.RELEASE-sources.jar","javadocContainerUrl":"file:/C:/Users/win/.m2/repository/org/springframework/spring-test/5.2.6.RELEASE/spring-test-5.2.6.RELEASE-javadoc.jar","isSystem":false,"isOwn":false,"isTest":false,"isJavaContent":false},{"kind":"binary","path":"C:\\Users\\win\\.m2\\repository\\org\\xmlunit\\xmlunit-core\\2.7.0\\xmlunit-core-2.7.0.jar","sourceContainerUrl":"file:/C:/Users/win/.m2/repository/org/xmlunit/xmlunit-core/2.7.0/xmlunit-core-2.7.0-sources.jar","javadocContainerUrl":"file:/C:/Users/win/.m2/repository/org/xmlunit/xmlunit-core/2.7.0/xmlunit-core-2.7.0-javadoc.jar","isSystem":false,"isOwn":false,"isTest":false,"isJavaContent":false},{"kind":"source","path":"E:\\JAVA\\EMI_Project\\EasyEMI-Backend\\EasyEmi_Master\\src\\main\\java","outputFolder":"E:\\JAVA\\EMI_Project\\EasyEMI-Backend\\EasyEmi_Master\\target\\classes","javadocContainerUrl":"file:/E:/JAVA/EMI_Project/EasyEMI-Backend/EasyEmi_Master/target/site/apidocs","isSystem":false,"isOwn":true,"isTest":false,"isJavaContent":true},{"kind":"source","path":"E:\\JAVA\\EMI_Project\\EasyEMI-Backend\\EasyEmi_Master\\src\\test\\java","outputFolder":"E:\\JAVA\\EMI_Project\\EasyEMI-Backend\\EasyEmi_Master\\target\\test-classes","javadocContainerUrl":"file:/E:/JAVA/EMI_Project/EasyEMI-Backend/EasyEmi_Master/target/site/apidocs","isSystem":false,"isOwn":true,"isTest":true,"isJavaContent":true},{"kind":"source","path":"E:\\JAVA\\EMI_Project\\EasyEMI-Backend\\EasyEmi_Master\\src\\main\\resources","outputFolder":"E:\\JAVA\\EMI_Project\\EasyEMI-Backend\\EasyEmi_Master\\target\\classes","isSystem":false,"isOwn":true,"isTest":false,"isJavaContent":false},{"kind":"source","path":"E:\\JAVA\\EMI_Project\\EasyEMI-Backend\\EasyEmi_Master\\src\\test\\resources","outputFolder":"E:\\JAVA\\EMI_Project\\EasyEMI-Backend\\EasyEmi_Master\\target\\test-classes","isSystem":false,"isOwn":true,"isTest":true,"isJavaContent":false},{"kind":"source","path":"E:\\JAVA\\EMI_Project\\EasyEMI-Backend\\EasyEmi_Master\\src\\test\\java","outputFolder":"E:\\JAVA\\EMI_Project\\EasyEMI-Backend\\EasyEmi_Master\\target\\test-classes","javadocContainerUrl":"file:/E:/JAVA/EMI_Project/EasyEMI-Backend/EasyEmi_Master/target/site/apidocs","isSystem":false,"isOwn":true,"isTest":false,"isJavaContent":false}]}